Community Name,County,Park Name,Website,Total Acreage,Available Acreage,Purchase Price ,Ownership,TIF District,Min. Lot Size (Acres),Zoning,Certified Site,Certified by Who?,Max. Contiguous Acreage,Contact,Phone,Email,Latitude,Longitude
Arlington,Columbia,Arlington Prairie Industrial Park,www.mr-bk.com,180,144,$0.69 - $1.95 per SF; $30000 - $85000 per Acre,Private- MR-BK LLC,TIF #1,2,I-1 I-2 B-2,No,N/A,70,Brett Kirner,608-635-3925,brett.kirner@MR-BK.com,43.335591,-89.372572
Cambria,Columbia,Cambria Industrial Park,www.cambriawisconsin.com,25,4,Negotiable (between $1500 and $7500 per acres),Municipal,No,2,Light Industrial,No,N/A,4,Lois Frank,920-348-5443,cambria@centurytel.net,43.549943,-89.103949
Portage,Columbia,Portage Industrial Park,www.portagewi.gov/business-development/,51,50,$0.46 per SF; $20000 per Acre,Municipal,TIF #4,20000 SF,Interchange Industrial (M3),No,N/A,29 Acres,Steve Sobiek,608-617-7121,steven.sobiek@portagewi.gov,43.559103,-89.50613
Belleville,Dane,Bell West Business Park,No Website,75,55,From $2.50/SF,Thea LLC,Yes,1.5,BH BP RM,Yes,Village of Belleville,12,Rick Francois,608-424-0303,francoisrick@gmail.com,42.862278,-89.558916
Blue Mounds,Dane,Blue Mounds Commercial Park,http://allstar123.homestead.com/Blue_Com.html,13,10,Negotiable per plot,Blue Mountain Development Inc.,TIF #1,1.3,C3 Commercial,Yes,N/A,63000 SF,All Star Properties,608-663-1445,info@allstargroup.net,43.008435,-89.828359
Brooklyn,Dane,Brooklyn Business Complex,www.brooklynwi.gov,Phase I: 10 Phase II: 40 Phase III: 50,1.16,$25000 per acre,Municipal,Yes,1,Business,No,N/A,100,David Haug Lighthouse CRE,608-234-4848,N/A,42.851939,-89.362434
Burke,Dane,East Metro Business Park,http://buildtosuit.com/properties/dane-county-portfolio/east-metro-business-park/,49,11.83,Negotiable,Welton Properties  LLC,No,2.18,Industrial with potential for retail,No,N/A,5.86,Welton Enterprises Inc.,608-833-5590,paulm@buildtosuit.com,43.184882,-89.325993
Cottage Grove,Dane,Cottage Grove Business Park,http://www.homburginc.com,55,4.5,$3 to $3.50 per SF; $130680 to $152460 per Acre,Homburg Equipment Inc.,No,0.75,Large and Small Inudstrial & Office,No,N/A,2,Andrew Homburg,608-244-9266,ahomburg@ahomburginc.com,43.077256,-89.205111
Cottage Grove,Dane,Cottage Grove Commerce Park,http://www.cottagegrovecommercepark.com/home,128,19,$2.75 to $6 per SF; $119790 to $261360 per Acre,Municipal,Yes,1.4,Planned Business (PB) & Planned Industrial (PI),No,N/A,8.5,Tom Philiips,608-243-9070,tomp@ruedebusch.com,43.104976,-89.194908
DeForest,Dane,Union Conservancy Park,http://www.loopnet.com/xNet/LoopLink/Profile/Profile.aspx?LID=18865600&STID=firstweber,61.5,32.02,$4.25 to $8.00 per SF; $533175 to $2644960 per site,"Wisconsin Laborer's Apprenticeship Assoc. represents the ""No TIF Area"" but Park Towne represents the TIF #5 area",No,1.53,Commercial,No,N/A,32,Robert Carpenter,608-829-7153,carpenterr@firstweber.com,43.193299,-89.353158
DeForest,Dane,Innovation Springs at Conservancy Place,http://www.conservancyplace.com,173,135,$3.95 - $4.95 per SF; $322800 to $534390 per Acre,Privately represented by The Park Towne Group,TIF #5,1.5,Commercial Office Retail Light Industrial,No,N/A,42,Mike Ring,608-833-9044,miker@parktowne.com,43.224453,-89.360883
DeForest,Dane,Bear Tree Farms,http://growdeforestwindsor.com/index.asp?SEC=B5083D17-7C1A-4699-AD8E-017EDF77E31B&Type=B_BASIC,357,226,$2 to $7 per SF negotiable,Privately represented by Dwight Ziegler & Steve Pederson,TIF #7,1,Commercial Office Retail Light Industrial,No,N/A,140,Blake George,608-327-4000 x5,bgeorge@lee-associates.com,43.203592,-89.317539
DeForest,Dane,North Towne Corporate Park (Livesey),www.liveseycompany.com ,103,60,$3 to $12 per SF,Privately represented by  The Livesey Company,TIF #3,1.32,Commercial Office Retail Light Industrial,No,N/A,40,John K. Livesey,608-833-2929,jklivesey@liveseyco.com,43.197476,-89.327946
DeForest,Dane,North Towne Corporate Park (Capwin),http://growdeforestwindsor.com/index.asp?SEC=B5083D17-7C1A-4699-AD8E-017EDF77E31B&Type=B_BASIC,115,48,$2.50 to $3.25 SF,Privately represented by Capwin ,TIF #4,2.57,Mix of M-2 and B-2,No,N/A,41.66,Blake George,608-327-4000 x5,bgeorge@lee-associates.com,43.20367,-89.328396
DeForest,Dane,DeForest Northern Business Park (phase II),http://growdeforestwindsor.com/index.asp?SEC=B5083D17-7C1A-4699-AD8E-017EDF77E31B&Type=B_BASIC,190,46,$1.75 per SF negotiable,Municipal,TIF #6,None,Industrial,Yes,State of WI (WEDC/Deloitte),20.24,Sam Blahnik,608-846-6751,blahniks@vi.deforest.wi.us,43.261999,-89.328117
Fitchburg,Dane,Fitchburg Technology Campus (Phase 1),www.fitchburgtech.com,75,10,$7.00 to $10.00 per SF,Avante Properties,TIF #4,2,PUD Commercial,No,N/A,7,Chris Armstrong,608-294-4086,chris@avanteproperties.com,42.995425,-89.422767
Fitchburg,Dane,Fitchburg Commerce Park,No Website,78,14.86,Negotiable,Private,None currently,1.477,I-G,No,N/A,Unknown,Joyce Frey,608-270-4246,joyce.frey@fitchburgwi.gov,43.011886,-89.466916
Fitchburg,Dane,Uptown Fitchburg,http://avanteproperties.com/land-property/uptown-fitchburg-land/,210,92,$8 to $12 per SF,Avante Properties,TIF #4,1 to 30 acres,Smartcode Special Business District,No,N/A,30,Chris Armstrong,608-294-4086,chris@avanteproperties.com,43.007588,-89.389787
Fitchburg,Dane,RDC Techlands,http://inwisconsin.com/select-wisconsin/available-sites/certified-in-wisconsin/fitchburg-wisconsin/,57,9.5,$6.50 per SF,Private,TIF #4,1.5 acres,Specialized Industrial(IS),Yes,State of WI,56.79,Kyle Adams,608-243-9070,kylea@ruedebusch.com,42.996281,-89.417285
Fitchburg,Dane,Brown Business Park,No Website,9.5,7.5,$4.65 per SF Improved; If entire plat acquired reduction possible,Private,None Currently,41128 SF,Business Highway,No,N/A,7,Rob Helm,608-827-6867,rob@helmcommercial.com,43.031261,-89.391729
Fitchburg,Dane,North Stoner Prairie - Dunn,No Website,22,22,$1.98 per SF unimproved,Private,Adjacent,2-22 Acres,Industrial/Commercial,No,N/A,22,Dave Bruce,608-225-7669,dave@bruce-realestate.com,43.003289,-89.464889
Fitchburg,Dane,Terravessa,No Website,Varies,Varies,Varies,Fitchburg Lands LLC,None Currently,Varies,Smartcode Special Business District,No,N/A,148,Phil Sveum,N/A,psveum@cbsuccess.com,43.011919,-89.374294
Madison,Dane,University Research Park,http://www.universityresearchpark.org,255,5+ infill opportunities,$304920 to $392040 per Acre; $7 - $9 per SF,University Research Park Inc.,TID #46,5,SE,No,N/A,5+ infill opportunities,Paul Muench,608-441-8000,pdmuench@wisc.edu,43.05,-89.531
Madison,Dane,University Research Park 2,http://www.universityresearchpark.org,200,74,$392040 per Acre; $9 per SF,University Research Park Inc.,Qualifies,3,EC,No,N/A,50+,Paul Muench,608-441-8000,pdmuench@wisc.edu,43.059,-89.477
Madison,Dane,The Center for Industry and Commerce,https://www.cityofmadison.com/dpced/economicdevelopment/center-for-industry-commerce-cic-/512/,90,49.7,$2.50 $3.25 $5.00 per SF depending on location,City of Madison,No,0.6,Industrial Limited IL,No,N/A,22.34,Tom Otto,608-243-0178,totto@cityofmadison.com,43.160767,-89.322045
Madison,Dane,The American Center,www.amcenter.com,447,115,$5.95/sf to $9.00/sf. ,American Family Mutual Insurance Company,No,Retail: 1.16 Acres Office: 3 Acres,Commercial Center (CC) Suburban Employment Center (SEC),No,N/A,53,Chuck Redjinski,608-663-6006,ckr@mlgcommercial.com,43.144545,-89.292927
Madison,Dane,Silicon Prairie Business Park,http://buildtosuit.com/properties/dane-county-portfolio/silicon-prairie/,134,33.5 SE Zoned for office/employment; 39 zone IL for light industrial/flex,$5 to $10 per SF,NEW WEI LLC,In Progress,1.74,SE & IL City of Madison,No,N/A,24,Welton Enterprises Inc.,608-833-5590,paulm@buildtosuit.com,43.058129,-89.556899
Madison,Dane,Park Towne,www.parktowne.com,177,4 lots 144000 SF; Currently being held only for built-to-suit project,$15.00 per SF,Park Towne Dev. Corp,No,Potential to change,Commercial Center,No,N/A,Currently held only for built-to-suit,Mike Ring,608-833-9044,miker@parktowne.com,43.059135,-89.49627
Madison,Dane,Old Sauk Trails Park,http://www.gialamas.com/OldSaukTrailsPark/AboutOldSaukTrailsPark.aspx,460,5,$25.00 per SF but land is not for sale only for development,The Gialamas Company,No,2,G2,No,N/A,35,Aris Gialamas,608-836-8000,Aris@gialamas.com,43.078135,-89.5244
Madison,Dane,McAllen T.E.C Corridor Complex 1,http://www.ruedebusch.com/brokerage,14,2.44,Build-to-suit-lease,Private (McAllen Properties),No,25000 SF,Planned Development District (PD),No,N/A,Designed for Build?To?Suit property between 25000 ? 50000 Sq. Ft.,Tom Phillips,608-243-9070,tomp@ruedebusch.com,43.120311,-89.326304
Madison,Dane,McAllen Truax Business Park,http://www.ruedebusch.com/brokerage,14.75,2.28,Build-to-suit-lease,Private (McAllen Properties),No,15000 SF,Industrial Limited (I-L),No,N/A,Designed for Build?To?Suit property between 15000 - 40000 Sq. Ft.,Tom Phillips,608-243-9070,tomp@ruedebusch.com,43.125801,-89.333138
Madison,Dane,McAllen Hanson Rd. Business Park,http://www.ruedebusch.com/brokerage,,2 Parcels,Build-to-suit-lease,Private (McAllen Properties),No,10000 SF,Industrial Limited (I-L),No,N/A,Designed for Build?To?Suit property between 10000 - 120000 Sq. Ft.,Tom Phillips,608-243-9070,tomp@ruedebusch.com,43.152127,-89.323418
Madison,Dane,McAllen 120 Business Park,http://www.ruedebusch.com/brokerage,104.36,78.61,Build to-suit-lease,Private (McAllen Properties),No,25000 SF,Industrial Limited (I-L),No,N/A,Designed for Build?To?Suit property between 25000 - 300000 Sq. Ft.,Tom Phillips,608-243-9070,tomp@ruedebusch.com,43.050997,-89.269323
Madison,Dane,High Crossing Office Park,No Website,190,40,$10 to $15.50 per SF Triple Net,Iainvestors,No,1,PUD,No,N/A,40,Brett Riemen,608-830-6308,briemen@vantacp.com,43.133276,-89.290588
Madison,Dane,Tradesman Industrial Park,http://www.landandfarm.com/property/Tradesmen_Industrial_Park-164954/,90,64.77,Sites from $306227 to $846806,City of Madison,No,1.48,Industrial ,No,N/A,N/A,Blake George,608-327-4000 x5,bgeorge@lee-associates.com,43.039453,-89.282563
Madison,Dane,BioAg Gateway,https://www.cityofmadison.com/dpced/economicdevelopment/southeast-madison-business-park/529/,27,23.9,$2.86 - $3.42 per SF,City of Madison,No,3.3,SE (Suburban Office Employment),No,N/A,15,Tom Otto,608-243-0178,totto@cityofmadison.com,43.057418,-89.289569
Madison,Dane,Truax Air Park,http://www.msnairport.com,300,20,Lease only current fair market price ,Dane County (Reg. Airport),some parcels are in TIF,Per individual review,Light Manufacturing Office,No,N/A,12,Kim Jones,608-246-3391,jones.kimberly@msnairport.com,43.130954,-89.332108
Madison,Dane,Novation Campus,http://alexandercompany.com/projects/novation-campus/,70,30,Varies by parcel,Mid-town Center LLC an affiliate of the Alexander Company Inc.,Yes,1 acre,Dane County B1 C1,No but we are interested in certification,N/A,8.5,Andrew Schmidt,608-268-8116,aschmidt@Alexanderre.com,43.035795,-89.381719
Madison,Dane,Corben Business Park,http://www.rifken.com,19,290000 SF,$1.50 to $4.50 per SF plus ground rent payment,Municipal (Dane County Regional Airport),No,None,Inudstrial,No,N/A,19,Marty Rifken,608-575-9562,rifken@rifken.com,43.12252,-89.351377
Madison,Dane,Blackhawk Church Town Center,No Website,11,3 lots available,$8 to $9 per SF,Ross Menard; Multiple LLCs,No,1.75,GDP/SIP,No,N/A,50000 SF,Ross Menard,608-770-2650,michaelrossmenard@gmail.com,43.06148,-89.5543
Madison,Dane,World Dairy Center,http://resources.lee-associates.com/asp/user/website/PropertyProfile.asp?ParentID=35050,193,1 lot 3.45 acre,$152460 to $217800 per Acre; $5 per SF,City of Madison,Closed,3.45,Industrial,No,N/A,3.45,John Walsh,608-327-4000 x2,jwalsh@lee-associates.com,43.060318,-89.288869
Madison,Dane,Waubesa Business Campus,http://propertydrive.com/search/property.asp?proptype=4&propid=1694,34,22.96,$2.26 to $3.90 per SF $4.45 SF for Lot 16,Marsh Road LLC,Yes,1,Industrial-Limited,No,N/A,11,Chris Caulum,608-443-1040,ccaulum@oakbrookcorp.com,43.042111,-89.282849
Madison,Dane,East Towne Commerce Park,No Website,7,4,Negotiable,Private- East Towne Storage LLC,N/A,N/A,Industrial-Limited,No,N/A,2 to 3,Mark Jorgensen,608-241-5790,mark@mandmre.com,43.125219,-89.304819
Madison,Dane,Interstate Commerce Park,http://resources.lee-associates.com/asp/user/website/PropertyProfile.asp?ParentID=40377,60,17.1,$2 to $3 per SF; $128502 to $196020 per acre,City of Madison,No,0.92,Industrial-Limited,No,N/A,3 to 4,Blake George,608-327-4000 x5,bgeorge@lee-associates.com,43.154164,-89.31818
Middleton,Dane,Quarry Ridge Business Park,http://buildtosuit.com/properties/dane-county-portfolio/quarry-ridge-middleton-wi/,64,63,Negotiable,Welton Family Limited Partnership,No,TBD,C-2 Commercial Town of Middleton AG ,No,N/A,63,Welton Enterprises Inc.,608-833-5590,paulm@buildtosuit.com,43.095043,-89.543338
Middleton,Dane,Discovery Springs,http://www.liveseycompany.com,100,4,$10 to $20 per SF,Discovery Springs LLC,TIF #3,One lot 30000 SF,PDD ,No,N/A,1.5,John Livesey,608-833-2929,jplivesey@liveseyco.com,43.098268,-89.522867
Middleton,Dane,Airport Road Business Park,http://www.ruedebusch.com/brokerage,200+,39.6,$348480 to $544500 per Acre; $8 to $12.50 per SF,Private (Multiple Owners),TIF #3,2.4,PDD ,No,N/A,18.9,Tom Phillips,608-243-9070,tomp@ruedebusch.com,43.109924,-89.527051
Middleton,Dane,The Middleton Corporate Center,http://www.T5RE.com,80,28,$6.95 to $8.25 per SF,Private; entities related to the Blettner Group,TIF #3,3.33,PDD ,No,N/A,15,Timothy Carey,608-826-4552,tim@t5re.com,43.107294,-89.529884
Middleton,Dane,Greenway Center,http://madison.artisreit.com/about/contact-us/,62,4,Lease Only; $18.50 - $24.00 per SF Triple Net,Artis REIT,TIF #3,0.5,PDD ,No,N/A,2.25,Brett Riemen,608-830-6308,briemen@artisreit.com,43.090904,-89.52997
Mazomanie,Dane,Mazomanie Industrial Park,www.VillageOfMazomanieWi.gov,52,35.56,Negotiable,Municipal - ROS No. 14 LLC - Fred Wolf - JFW Holdings LLC,TIF #4,None,I-1 Industrial,No,N/A,30,Gary Harrop,608-795-2120,gharrop@thepeoplescommunitybank.com,43.171326,-89.810986
Mount Horeb,Dane,North Cape Commons,http://www.ruedebusch.com/brokerage,32.58,28.5,$4.00 to $8.25 per SF; $174240 - $359370 per Acre,Private,Yes,1.5,Planned Industrial (Office/Retail/Hospitality),No,N/A,11.2,Tom Phillips,608-243-9070,tomp@ruedebusch.com,43.009585,-89.714334
Springfield,Dane,Schneider Road Business Center,https://www.thestorageguy-madison.com/Business-Space/Schneider-Business-Centre/,,Lots 2 4 & 6,$8.50 per SQF,Jim Wills (private owner),TIF approved in late 2014,20700 SF,Commercial (C-2),No,N/A,4.42,Jeff Daugherty,608-695-9597,Shamrockllc@charter.net,43.120622,-89.518983
Springfield,Dane,Spingfield Corners Commercial Center,http://www.united-land.com/,55,9.1,$3.25 per SF; $141570 per acre,United Land Dev. Corp,No,1.9,C-2 Commercial,No,N/A,4.4,Daniel Ward,608-770-1414,dan@united-land.com,43.188647,-89.55249
Sun Prairie,Dane,Sun Prairie Business Park,http://www.cityofsunprairie.com/288/Key-Development-Opportunities,420,88,$2.00 to $3.00 per SF; $87120 to $130680 per acre,Municipal and Private,#12,1,Suburban Industrial,No,N/A,64,Neil Stechschulte,608-825-1107,nstechschulte@cityofsunprairie.com,43.200698,-89.208019
Sun Prairie,Dane,Sun Prairie TIF #9,http://www.cityofsunprairie.com/288/Key-Development-Opportunities,24.92,7.96, $8 to $12 per SF; $349480 to $522720 per acre,Municipal ,TIF #9,N/A,Suburban Office,No,N/A,3.44,Neil Stechschulte,608-825-1107,nstechschulte@cityofsunprairie.com,43.157154,-89.268796
Verona,Dane,Verona Technology Park,http://propertydrive.com/search/property.asp?proptype=1&propid=2204,250,139.2,$3 to $12 per SF depending on size & location,Anorev LLC,Yes,1.5,Suburban Commercial Suburban Industrial Suburban Employment,No,N/A,40+,Alex Weis,608-833-2929,aweis@liveseyco.com,42.971016,-89.509703
Verona,Dane,Liberty Business Park,Soon to come,253,125+ ,$3 to $12 per SF; Negotiable depending on size & location,Private: David Reinke,TIF #6,2,Suburban Industrial available for office space,Yes,WEDC,125+,David Reinke,608-320-1334,david@lbrty.com,42.974695,-89.506946
Vienna,Dane,Vienna Business Center,No Website,80,4,Negotiable,Privately owned by Gene C Evans,No,4,B-2 Highway Industrial,No,N/A,Call Gene Evans,Gene C Evans,608-212-0375,tovcleark@centurytel.net,43.244573,-89.380903
Waunakee,Dane,Waunakee Business Park,www.waunakeebusinesspark.com,160,86,$2.50/sf to $5.00/sf,Private: MLG Investments 2000 LLC,Yes,3,PUD,No,N/A,60,Chuck Redjinski,608-663-6000,ckr@mlgcommercial.com,43.185086,-89.433947
West Port,Dane,North Mendota Energy and Tech. Park,http://www.ruedebusch.com/brokerage,57,57,$3.50 to $6.00 per SF; $152460 to $261360,Private,Not currently may be started soon,5,C2 Industrial and Commercial,Yes ,WEDC,56.8,Tom Phillips,608-243-9070,tomp@ruedebusch.com,43.159985,-89.409592
Beaver Dam,Dodge,Lakeside Business Park,No Website,86,40.2,Negotiable; Depending on tax base & job creation,City of Beaver Dam,TIF #4,1,Light & Heavy Manufacturing,No,N/A,15.5,Trent Campbell,920-887-4661,bdadc@cityofbeaverdam.com,43.483048,-88.832467
Beaver Dam,Dodge,Beaver Dam Business Park,No Website,128,10,Negotiable; Depending on tax base & job creation,City of Beaver Dam,TIF #4,2,Light Manufacturing,No,N/A,10,Trent Campbell,920-887-4661,bdadc@cityofbeaverdam.com,43.48104,-88.811781
Beaver Dam,Dodge,Beaver Dam 151 Business Park ,http://www.inwisconsin.com/select-wisconsin/available-sites/certified-in-wisconsin/beaver-dam-wisconsin/,196.6,144.7,Negotiable; Depending on tax base & job creation,City of Beaver Dam,TIF #7,1,Light Manufacturing,Yes,State of WI,144.7 Contiguous Developable Land,Trent Campbell,920-887-4661,bdadc@cityofbeaverdam.com,43.488793,-88.818069
Fox Lake,Dodge,Fox Lake Industrial Park,http://www.cityoffoxlake.org/zoning.html,62,13,$1/acre if development level is acceptable,Controlled by Fox Lake Redev. Authority owned by the city (check),Formerly #1 #2 in progress,1,Industrial,No,N/A,28,Dean Perlick,920-928-2280,cityadmin@cityoffoxlake.org,43.556024,-88.916302
Horicon,Dodge,Phase II Business Park,http://www.cityhoriconwi.us/188/Business-Park,150,120,$18000 per acre (negotiable),City Owned,Yes new TIF in 2016,2,Industrial,No,N/A,120,Jim Schaefer,920-485-3500 x3507,jschaefer@cityhoriconwi.us,43.446025,-88.671856
Hustisford,Dodge,Hustisford Industrial Park,http://www.hustisford.com/,11.7,10,$23931 per acre,Municipal,Not divided into lots yet,None,R1,No,N/A,Possibly 136 acre to be annexed to the township.,Kim Hopfinger,920-349-3188,khopfinger@hustisford.com,43.336146,-88.600595
Juneau,Dodge,Juneau Industrial Park,http://www.cityofjuneau.net/2180/Industrial-Park,80,35,$8500 per acre (negotiable),Municipal,TIF #2,0.5,I-2 Industrial,No,N/A,~26,City Clerk,920-386-4800,cityhall@cityofjuneau.net,43.399446,-88.703356
Mayville,Dodge,River Knoll Industrial Park,http://www.mayvilleindustrialpark.com/,111.69,74.46,$1/Acre with development valued at $225000/Acre of property acquired,City of Mayville,TIF #3,1,M-2 Gen Manufacturing,Yes,A plat of the Industrial Park is certified by the Department of Administration,Could Vary due to road construction,Nathan Kempke,608-387-7906 x1223,nkempke@mayvillecity.com,43.509168,-88.54856
Randolph,Dodge,Randolph Business Park,No Website,28.5,17.9,$10000 to $15000 per acre (negotiable),Municipal,TIF #2,6,B2-Hwy. Commercial,No,N/A,10.4,Nick Weinberger,920-382-3469,fireguy6339@gmail.com,43.528991,-89.003012
Waupun,Dodge,Waupun Business Park,https://www.service-life.com/wi/cityofwaupun/economicdevelopment/Waupun%20Business%20Park%20map%204-20-09.pdf,95,95,Starting at $20000 per acre,Municipal,TIF #1,5,M-2,No,N/A,200,Kathy Schlieve,920-324-7912,kathy@cityofwaupun.org,43.616516,-88.726273
Monroe,Green,Monroe Business and Industrial Park,No Website,115,7.5,Fair Market Value/Negotiable/$1.00 for qualifying projects,Municipal,Yes expenditure period has expired,1,Industrial (M3),No,N/A,7.5,Martin Shanks,608-329-2521,mshanks@cityofmonroe.org,42.614013,-89.623547
Arena,Iowa,US 14 & Ray Hollow Rd.,http://www.realtor.com/realestateandhomes-detail/US-Highway-14_Arena_WI_53503_M88394-37509,88.29,88.29,Call for Pricing,Private: Gail and Lois Arzt,Yes,N/A,Commercial Development,No,N/A,88.29,Kevin Visel,608-556-2088,kevin@acresllc.net,43.160016,-89.897475
Dodgeville,Iowa,Dodgeville Business Park,http://www.cityofdodgeville.com/index.asp?SEC=BE944D66-5877-46B8-9683-C7DEEFF2F0EB&Type=B_BASIC,62.33 in TIF; 51.86 contiguous to TIF,42 in TIF; 51.86 contiguous to TIF,Negotiable,City of Dodgeville and Private,TIF #2,0.8 acres,Limited Industrial in TIF,No,N/A,94,Phyllis Fritsch,608-930-5091 x1,economic@ci.dodgeville.wi.us,42.973592,-90.113769
Highland,Iowa,Highland Industrial Park,http://www.villageofhighland.net/,15,4,$8300 per acre,Municipal,Yes,4,Manufacturing,No,N/A,4,Becky Fredericks,608-929-7781,bfredericks@villageofhighland.net,43.050293,-90.375094
Muscoda,Iowa,Muscoda Industrial Park - Site B,https://muscoda.files.wordpress.com/2012/06/industrial-park.pdf,360,22.5,$5500 per acre + business case breakdown,Municipal,Yes,1 acre,Industrial,No,N/A,14 acres,Cinda Johnson,608-739-3182,cljohnson@wppienergy.org,43.182326,-90.421193
Fort Atkinson,Jefferson,Robert L. Klement Business Park,http://x.lnimg.com/attachments/0979E2D9-9DAA-4309-B134-20F561D4D4F7.pdf,163,89-106,$20000-$40000 per acre,Municipal,TIF #6,2,Heavy Industrial,No,N/A,30-47 (17 Private for Sales),Christian Chambers,608-239-8277,christian.chambers@cbre.com,42.893144,-88.860426
Johnson Creek,Jefferson,East Industrial Area,No Website,105,105,Negotiable,Private,No,20000 SF,Mixed Use Business Park,No,N/A,105,Kyle Ellefson,920-699-2296,kylee@johnsoncreekwi.org,43.08115,-88.752487
Johnson Creek,Jefferson,Crossroads Business Park,http://www.loopnet.com/Listing/13838227/I-94-and-Hwy-26-Johnson-Creek-WI/,48,~37,$64000 to $175000 per acre,Private,TIF #3,20000 SF,Planned Industrial,No,N/A,~17,Charles K. Redjinski,608-663-6006,credjinski@mlgcommercial.com,43.091703,-88.76745
Johnson Creek,Jefferson,North Business Park,No Website,86,64,Negotiable,Municipal,TIF #3,20000 SF,Mixed Use,No,N/A,23,Kyle Ellefson,920-699-2296,kylee@johnsoncreekwi.org,43.094449,-88.760394
Johnson Creek,Jefferson,South Business Park,No Website,28,28,Negotiable,Private,No,20000 SF,General Business,No,N/A,28,Kyle Ellefson,920-699-2296,kylee@johnsoncreekwi.org,43.074765,-88.767288
Johnson Creek,Jefferson,North Industrial Area,No Website,67,67,Negotiable,Private,TIF #3,20000 SF,Industrial,No,N/A,44,Kyle Ellefson,920-669-2296,kylee@johnsoncreekwi.org,43.0155591,-88.7998271
Lake Mills,Jefferson,Lake Mills Business Park,No Website,205.43,64.85,$17000 per acre ,Municipal,TIF #2 & #6,2,Planned Industrial,No,N/A,25.43,Steven Wilke,920-648-2344,swilke@ci.lake-mills.wi.us,43.075827,-88.896732
Waterloo,Jefferson,Waterloo Business Park,http://www.waterloowi.us/municipal-website/economic-development,38,15,$20000 per acre,Private,TIF #2,1,Heavy Industrial,No,N/A,15,Mo Hansen,920-478-3025,cityhall@waterloowi.us,43.190806,-88.977622
Waterloo,Jefferson,Southeast Industrial Park,No Website,152,152,Negotiable,Private,No,None,Agricultural,No,N/A,152,John Sheehy ,920-202-5086,N/A,43.180513,-88.975398
Whitewater,Jefferson,Whitewater Business Park,https://whitewatertechpark.org/,318,92,"$34,000 per acre",Municipal,4,20000 SF,Business Industrial Park,No,N/A,42,Pat Cannon,262-473-0148,pcannon@whitewater-wi.gov,42.839964,-88.713981
Whitewater,Jefferson,Whitewater University Technology Park,http://www.whitewatertechpark.org/,130,43.4,$43000 per acre,Municipal,TIF #4 (Distressed),No less than 1 acre,Commercial,Yes,Deloitte,No maximum,Mark Johnson,262-472-5290,johnsomw@uww.edu,42.838854,-88.704944
Town of Beloit,Rock,Townline/Walters Road,http://www.rockcountyalliance.com/Portals/1/Townline%20Road%20Business%20Park%20(T%20of%20Beloit%20WI).pdf,100,65,$10000 to 15000 per acre,Public,No,3,Industrial,No,N/A,65,Ian Haas,608-364-2980,ihaas@town.beloit.wi.us,42.582075,-89.039598
Beloit,Rock,Gateway Business Park,http://www.rockcountyalliance.com/portals/1/images/aerial-photos/Gateway-Aerial.jpg,450,229,$30000 to $40000 per acre,Public,Yes,2,Industrial,Yes,WEDC & Ady-Austin,80,Andrew Janke,608-364-6748,Jankea@beloitwi.gov,42.51607,-88.967779
Clinton,Rock,Clinton Industrial Park,http://www.rockcountyalliance.com/Portals/1/images/aerial-photos/Clinton-Aerial.jpg,64.4,10+,$15000 per acre,Public,Yes,1,Industrial,No,N/A,19.3,David Hooker,608-676-5140,dhooker@clintonwi.us,42.551267,-88.876734
Edgerton,Rock,Edgerton Business Park,http://www.cityofedgerton.com/edgerton-business-park-documentation,47,41.9,$15000 to $19900 per acre,City of Edgerton,TIF #5,3,M-1 Industrial Light,Yes,Ady International,15.5,Ramona Flanigan,608-884-3341,rflanigan@cityofedgerton.com,42.856255,-89.05458
Evansville,Rock,Evansville Business Park,http://www.rockcountyalliance.com/available-properties/shovel-ready-sites,40,40,Negotiable,Private ,Yes,1,Industrrial & Commercial,No,N/A,20,Jason Sergeant,608-882-2285,Jason.sergeant@ci.evansville.wi.gov,42.777847,-89.27207
Footville,Rock,Footville Business Park,http://www.rockcountyalliance.com/portals/1/images/aerial-photos/Footville-Aerial.jpg,30,1.36,Negotiable,Municipal,TIF #1,1.36,Industrial,Yes,MSA Professional Services,41,Julie Gerke,608-876-6116,Footville@T6B.com,42.665654,-89.205637
Janesville,Rock,State Highway 11 Business Park,http://www.rockcountyalliance.com/available-properties/shovel-ready-sites,224,71,$36000 per acre,Public,Yes,10,Industrial,Yes,WEDC & Ady-Austin,71,Gale Price,608-755-3059,priceg@ci.janesville.wi.us,42.632906,-89.017797
Janesville,Rock,Midlands Office Park,http://www.rockcountyalliance.com/Portals/1/Midlands%20Business%20Park%20Flyer.pdf,11.6,4.6 or 7 acre lot (will subdivide),$2.4M (7 acre) or $1.4M (4.6 acre) or $8 per SF,Starbrite LLC,No,2,B-4 & O-1,No,N/A,4.6,Bill Mears,608-752-6325,bill@mcguiremears.com,42.672735,-88.981643
Janesville,Rock,East Side Business Park,http://www.rockcountyalliance.com/Portals/1/EastSideBusParks.pdf,125,30,$22096 per acre,Public,Yes,4,Industrial,No,N/A,19.6,Gale Price,608-755-3059,priceg@ci.janesville.wi.us,42.675531,-88.963208
Milton,Rock,Crossroads Business Park,http://www.milton-wi.gov/index.aspx?NID=370,200,128,$30000 per acre,Public,Yes,4,Industrial & Commercial,Yes,Ady-Austin,74,Al Julick,608-868-6900,alhulick@milton-wi.gov,42.76879,-88.918319
Orfordville,Rock,Orfordville Business Park,http://www.orfordville.org/business/business-industry,50,29,$32000 to $122000 for various lots (w/ no value) ,Municipal,TIF #3,.69 acre,Industrial,No,N/A,4.3,Sherri Waege,608-879-2004,clerk@orfordville.org,42.632732,-89.268036
Baraboo,Sauk,Gateway Business Park,http://www.loopnet.com/xNet/LoopLink/Profile/Profile.aspx?LID=19949632&STID=firstweber&LinkCode=19782&PgCxtGuid=12820eed-fed5-4013-86e9-5b0ec16926a3&PgCxtFLKey=Profile&PgCxtCurFLKey=Profile&PgCxtDir=Up,26.66,26.66,$4.00 - $12.00 per SF depending on size and location,Private- Smith Family,Yes,1,I-4,Gold Shovel,N/A,ÿ11.64,Gary Wegner,608-963-9915,wegnerg@firstweber.com,43.457073,-89.776261
Plain,Sauk,Honey Creek Business Park,http://www.villageofplain.com/vertical/sites/%7B2539A27B-682B-4658-BAF5-ABA39634A1A0%7D/uploads/Info_Sheet_-_Land_For_Sale_3-22-2017.pdf,13.45,13.45,$10000 per acre,Village of Plain,No,1,Industrial,No,N/A,13,Kevin Visel,608-298-6598,kevin@acresllc.net,43.283889,-90.045973
Prairie du Sac,Sauk,North Ridge Business Park,http://propertydrive.com/search/property.asp?proptype=4&propid=1833,26.45,17.75,$5.00 - $7.00 per SF; $217800 - $304920 per acre,Kirner & Kirner LLC,TIF #4,1.75,Business - Commerce - R/D,No,N/A,9,Ed White,608-355-2084,ewhite@scdc.com,43.305277,-89.733442
Reedsburg,Sauk,Reedsburg Industrial Park,http://www.reedsburgwi.gov/index.asp?Type=B_BASIC&SEC=%7BE436F57F-97F9-413B-AC7F-A07E59EC54AC%7D,240,26,$15000 per acre.  Negotiable based on project's economic benefit,City of Reedsburg,TIF #9,1,I-2 Heavy Industrial,No,N/A,24,Donald Lichte,608-963-7558,dhlichte@rucls.net,43.522638,-89.988402
Reedsburg,Sauk,Reedsburg Business Park,http://www.reedsburgwi.gov/index.asp?Type=B_BASIC&SEC={57516CD6-76F2-409D-B24C-50A023AF6527},80,50,$15000 per acre.  Negotiable based on project's economic benefit,City of Reedsburg,TIF #9,1,I-4 Light Industrial,No,N/A,45,Donald Lichte,608-963-7558,dhlichte@rucls.net,43.528713,-89.970914
Sauk City,Sauk,Sauk City Office Park,http://www.saukcity.net/index.asp?Type=B_BASIC&SEC={8C0921FC-7174-42DF-B1B5-96C5AA98022C},19.8,19.8,$50000 per acre but negotiable based on construction costs,Municipal,TIF #7,Negotiable,MG (General Industry),No,N/A,15.2,Vicki Breunig,608-643-3932,vicki@saukcity.net,43.264665,-89.740963
